map,D,C,population_deviation,estimated_vote_pct,pr_deviation,pr_seats,pr_pct,estimated_seats,estimated_seat_pct,fptp_seats,disproportionality,efficiency_gap,gamma,seats_bias,votes_bias,geometric_seats_bias,global_symmetry,declination,mean_median_statewide,mean_median_average_district,turnout_bias,lopsided_outcomes,competitive_districts,competitive_district_pct,average_margin,responsiveness,responsive_districts,responsive_district_pct,overall_responsiveness,avg_dem_win_pct,avg_rep_win_pct,opportunity_districts,proportional_opportunities,coalition_districts,proportional_coalitions,alt_opportunity_districts,alt_coalition_districts,reock,polsby_popper,cut_score,spanning_tree_score,population_compactness,county_splitting,district_splitting,counties_split,county_splits,proportionality,competitiveness,minority,compactness,splitting,minority_alt,mod_reock,mod_polsby_popper,mod_spanning_tree_score,mod_district_splitting
0000,14,100,0.0083,0.4943,0.0989,7,0.5000,5.6152,0.4011,5,0.0932,0.0875,0.0799,0.0776,0.0177,0.0766,0.0194,9.5751,0.0295,0.0286,0.0009,0.0154,4.3804,0.3129,0.0756,3.3167,4.3804,0.3129,17.2978,0.5966,0.5640,0.0000,5,8.2506,5,0.4467,8.4764,0.3743,0.1651,839,3466.1507,1940053.4819,1.3748,2.4252,51,64,53,42,50,33,0,54,0.2386,0.1056,218.9024,2.4260
0001,14,100,0.0085,0.4943,0.1113,7,0.5000,5.4413,0.3887,5,0.1056,0.0999,0.0947,0.0924,0.0225,0.0915,0.0250,12.5481,0.0355,0.0347,0.0008,0.0228,3.8199,0.2729,0.0818,2.9127,3.8199,0.2729,19.4703,0.6055,0.5687,0.0000,5,7.3290,5,0.4713,8.2317,0.3783,0.1703,815,3482.6895,1941597.9879,1.3587,2.3875,50,63,47,36,50,34,1,54,0.2386,0.1056,218.9024,2.4260
0002,14,100,0.0081,0.4943,0.1025,7,0.5000,5.5654,0.3975,5,0.0967,0.0910,0.0840,0.0813,0.0182,0.0802,0.0197,11.1683,0.0355,0.0350,0.0005,0.0198,4.2485,0.3035,0.0815,3.2282,4.2485,0.3035,17.9191,0.6055,0.5683,0.0000,5,7.3290,5,0.4716,8.7208,0.3730,0.1812,792,3499.3388,1926687.3016,1.3221,2.2963,48,58,52,40,50,34,6,54,0.2386,0.1056,241.7783,2.4260
0003,14,100,0.0087,0.4943,0.1069,7,0.5000,5.5031,0.3931,4,0.1012,0.0955,0.0882,0.0852,0.0185,0.0840,0.0203,11.6464,0.0313,0.0306,0.0007,0.0206,4.3481,0.3106,0.0816,3.2766,4.3481,0.3106,18.6984,0.6315,0.5616,0.0000,5,7.4969,5,0.5250,8.8887,0.3660,0.1794,817,3484.5279,2073425.0055,1.3351,2.2788,47,56,49,41,50,33,4,56,0.2386,0.1056,401.2920,2.4260
0004,14,100,0.0079,0.4943,0.1147,7,0.5000,5.3939,0.3853,4,0.1090,0.1033,0.0975,0.0948,0.0218,0.0938,0.0243,12.8731,0.0313,0.0304,0.0009,0.0233,3.9778,0.2841,0.0817,3.0112,3.9778,0.2841,20.0622,0.6315,0.5619,0.0000,5,7.4969,5,0.5247,8.4430,0.3706,0.1854,812,3487.7605,2100876.2763,1.3345,2.2812,46,56,45,38,50,34,4,55,0.2386,0.1056,401.2920,2.4260
0005,14,100,0.0079,0.4943,0.1151,7,0.5000,5.3879,0.3849,4,0.1094,0.1037,0.0980,0.0954,0.0220,0.0943,0.0245,12.9653,0.0319,0.0310,0.0009,0.0235,3.9530,0.2824,0.0819,2.9927,3.9530,0.2824,20.1363,0.6317,0.5620,0.0000,5,7.4886,5,0.5248,8.4348,0.3736,0.1863,813,3487.1364,2101747.2273,1.3338,2.2671,45,55,45,38,50,36,4,55,0.2835,0.1198,397.2349,2.2691
0006,14,100,0.0079,0.4943,0.1099,7,0.5000,5.4614,0.3901,4,0.1042,0.0985,0.0917,0.0889,0.0197,0.0877,0.0216,12.1285,0.0319,0.0311,0.0008,0.0217,4.2069,0.3005,0.0818,3.1753,4.2069,0.3005,19.2189,0.6317,0.5618,0.0000,5,8.3456,5,0.5252,8.6049,0.3678,0.1853,810,3490.1090,2116168.6143,1.3258,2.2287,44,53,48,40,50,34,6,56,0.2835,0.1198,397.2349,2.2691
0007,14,100,0.0079,0.4943,0.1298,7,0.5000,5.1824,0.3702,4,0.1241,0.1184,0.1134,0.1099,0.0236,0.1085,0.0269,15.8687,0.0321,0.0311,0.0010,0.0303,3.7930,0.2709,0.0862,2.8767,3.7930,0.2709,22.7041,0.6391,0.5651,0.0000,5,7.5833,5,0.5468,8.4311,0.3770,0.1817,827,3480.0437,2116497.4125,1.3248,2.2106,43,52,38,36,50,36,6,56,0.2835,0.1198,397.2349,2.2691
0008,14,100,0.0084,0.4943,0.1300,7,0.5000,5.1796,0.3700,4,0.1243,0.1186,0.1135,0.1100,0.0236,0.1086,0.0273,16.0434,0.0321,0.0313,0.0008,0.0310,3.8040,0.2717,0.0865,2.8965,3.8040,0.2717,22.7385,0.6399,0.5651,0.0000,5,7.4789,5,0.5252,8.3267,0.3691,0.1892,803,3494.6830,2110665.2167,1.3164,2.1535,41,49,38,36,50,35,7,56,0.2835,0.1198,397.2349,2.2691
0009,14,100,0.0084,0.4943,0.1306,7,0.5000,5.1711,0.3694,4,0.1249,0.1192,0.1142,0.1108,0.0241,0.1095,0.0278,16.1171,0.0321,0.0312,0.0009,0.0310,3.7712,0.2694,0.0866,2.8690,3.7712,0.2694,22.8445,0.6399,0.5653,0.0000,5,7.4789,5,0.5252,8.3152,0.3573,0.1816,810,3489.2749,2127760.7160,1.3197,2.1791,42,49,38,36,50,32,6,56,0.2835,0.1198,397.2349,2.2691
0010,14,100,0.0084,0.4943,0.1311,7,0.5000,5.1639,0.3689,4,0.1254,0.1197,0.1148,0.1114,0.0242,0.1100,0.0279,16.1906,0.0332,0.0322,0.0010,0.0311,3.7575,0.2684,0.0867,2.8608,3.7575,0.2684,22.9343,0.6399,0.5654,0.0000,5,7.5385,5,0.5270,8.3748,0.3613,0.1838,806,3492.0866,2107799.4678,1.3175,2.1439,40,47,37,36,50,33,7,56,0.2835,0.1198,397.2349,2.2691
0011,14,100,0.0087,0.4943,0.1259,7,0.5000,5.2368,0.3741,4,0.1202,0.1145,0.1088,0.1054,0.0227,0.1041,0.0257,14.8026,0.0317,0.0305,0.0012,0.0275,3.9614,0.2830,0.0846,2.9948,3.9614,0.2830,22.0243,0.6359,0.5641,0.0000,5,7.5690,5,0.5265,8.4053,0.3565,0.1843,803,3494.0469,2114036.7968,1.3175,2.1439,40,47,40,38,50,32,7,56,0.2835,0.1198,210.5005,2.2691
0012,14,100,0.0091,0.4943,0.1248,7,0.5000,5.2525,0.3752,4,0.1191,0.1134,0.1074,0.1038,0.0219,0.1025,0.0247,14.6686,0.0317,0.0307,0.0010,0.0274,4.0223,0.2873,0.0843,3.0465,4.0223,0.2873,21.8278,0.6359,0.5637,0.0000,5,7.5690,5,0.5265,8.5948,0.3782,0.1930,791,3500.4671,1985569.4330,1.3118,2.0986,38,45,40,38,50,37,8,56,0.2835,0.1198,210.5005,2.2691
0013,14,100,0.0086,0.4943,0.1275,7,0.5000,5.2150,0.3725,4,0.1218,0.1161,0.1100,0.1062,0.0220,0.1048,0.0251,14.9985,0.0302,0.0292,0.0011,0.0280,4.0657,0.2904,0.0844,3.0678,4.0657,0.2904,22.2969,0.6359,0.5638,0.0000,5,7.6313,5,0.4787,8.6571,0.3789,0.1965,785,3504.0770,1979841.9294,1.3105,2.0763,36,44,39,39,50,38,8,55,0.2835,0.1198,171.8359,2.2691
0014,14,100,0.0089,0.4943,0.1266,7,0.5000,5.2269,0.3734,4,0.1209,0.1152,0.1089,0.1052,0.0218,0.1038,0.0248,14.7766,0.0302,0.0291,0.0011,0.0274,4.1056,0.2933,0.0841,3.1000,4.1056,0.2933,22.1479,0.6353,0.5637,0.0000,5,7.6333,5,0.4610,8.6590,0.3905,0.2033,770,3515.6374,1942440.8993,1.2971,2.0155,34,41,40,39,50,41,10,54,0.3762,0.2053,243.4002,1.8984
0015,14,100,0.0089,0.4943,0.1267,7,0.5000,5.2262,0.3733,4,0.1210,0.1153,0.1090,0.1053,0.0218,0.1039,0.0249,14.7845,0.0302,0.0291,0.0011,0.0274,4.1033,0.2931,0.0841,3.0984,4.1033,0.2931,22.1572,0.6353,0.5637,0.0000,5,7.6333,5,0.4610,8.6590,0.3838,0.1985,778,3510.3228,1953281.1875,1.2976,2.0069,33,41,40,39,50,40,10,54,0.3762,0.2053,388.6543,1.8984
0016,14,100,0.0089,0.4943,0.1271,7,0.5000,5.2209,0.3729,4,0.1214,0.1156,0.1095,0.1058,0.0221,0.1044,0.0252,14.8133,0.0302,0.0290,0.0013,0.0273,4.0828,0.2916,0.0843,3.0803,4.0828,0.2916,22.2223,0.6353,0.5639,0.0000,5,7.6333,5,0.4610,8.5958,0.4103,0.2096,773,3515.1928,2003027.8301,1.2984,1.9824,32,40,39,39,50,46,10,54,0.3762,0.2053,388.6543,1.8984
0017,14,100,0.0094,0.4943,0.1289,7,0.5000,5.1949,0.3711,4,0.1232,0.1175,0.1117,0.1079,0.0225,0.1065,0.0256,15.2482,0.0302,0.0290,0.0012,0.0284,4.0038,0.2860,0.0849,3.0184,4.0038,0.2860,22.5476,0.6364,0.5643,0.0000,5,7.6328,5,0.4692,8.5953,0.4014,0.2095,777,3511.1022,2023786.2902,1.2977,2.0056,33,41,38,38,50,44,10,54,0.3269,0.2025,202.4010,1.8528
0018,14,100,0.0094,0.4943,0.1216,7,0.5000,5.2974,0.3784,4,0.1159,0.1102,0.1024,0.0984,0.0192,0.0968,0.0212,12.4803,0.0302,0.0288,0.0014,0.0212,4.4229,0.3159,0.0776,3.3570,4.4229,0.3159,21.2673,0.6234,0.5593,0.0000,5,7.6181,5,0.4380,8.9553,0.3983,0.2148,772,3514.7544,2030007.0603,1.2965,2.0008,33,40,42,42,50,44,10,54,0.3269,0.2025,284.2419,1.8528
0019,14,100,0.0094,0.4943,0.1205,7,0.5000,5.3133,0.3795,4,0.1148,0.1090,0.1012,0.0972,0.0190,0.0957,0.0209,12.3199,0.0287,0.0273,0.0014,0.0209,4.4539,0.3181,0.0776,3.3743,4.4539,0.3181,21.0685,0.6234,0.5593,0.0000,5,7.6234,5,0.4381,8.9410,0.3951,0.2094,776,3511.4985,2031676.4433,1.2950,1.9811,32,39,43,42,50,42,10,54,0.3269,0.2025,284.2419,1.8528
0020,14,100,0.0094,0.4943,0.1203,7,0.5000,5.3155,0.3797,4,0.1146,0.1089,0.1010,0.0971,0.0190,0.0955,0.0209,12.3003,0.0287,0.0273,0.0014,0.0208,4.4571,0.3184,0.0776,3.3760,4.4571,0.3184,21.0418,0.6234,0.5593,0.0000,5,7.6291,5,0.4387,8.9184,0.3951,0.2110,771,3515.2599,2031535.8172,1.2951,1.9812,32,39,43,42,50,43,10,54,0.3269,0.2025,284.2419,1.8528
0021,14,100,0.0082,0.4943,0.1225,7,0.5000,5.2852,0.3775,4,0.1168,0.1111,0.1033,0.0992,0.0192,0.0977,0.0213,12.6001,0.0287,0.0273,0.0014,0.0215,4.4111,0.3151,0.0776,3.3509,4.4111,0.3151,21.4201,0.6234,0.5593,0.0000,5,7.6288,5,0.4076,8.9262,0.3953,0.2177,762,3522.3053,2053919.9063,1.2914,1.9434,30,36,42,42,50,44,11,54,0.3269,0.2025,284.2419,1.8528
0022,14,100,0.0082,0.4943,0.1225,7,0.5000,5.2845,0.3775,4,0.1168,0.1111,0.1034,0.0993,0.0193,0.0977,0.0214,12.6229,0.0287,0.0273,0.0013,0.0216,4.4090,0.3149,0.0775,3.3495,4.4090,0.3149,21.4285,0.6234,0.5592,0.0000,5,7.6288,5,0.4076,8.9262,0.3986,0.2180,765,3519.5597,2049139.0024,1.2898,1.9107,28,34,42,42,50,44,11,54,0.3269,0.2025,284.2419,1.8528
0023,14,100,0.0084,0.4943,0.0978,7,0.5000,5.6315,0.4022,5,0.0920,0.0863,0.0760,0.0731,0.0146,0.0719,0.0157,8.4527,0.0259,0.0248,0.0011,0.0123,4.9427,0.3531,0.0726,3.8050,4.9427,0.3531,17.0942,0.5920,0.5618,0.0000,5,7.7138,5,0.4303,8.8027,0.3940,0.2205,763,3521.9071,2072846.6137,1.2840,1.8825,28,33,54,47,50,44,12,54,0.3368,0.1867,270.6331,1.9242
0024,14,100,0.0084,0.4943,0.0907,7,0.5000,5.7307,0.4093,5,0.0849,0.0792,0.0691,0.0667,0.0139,0.0657,0.0148,7.7307,0.0265,0.0255,0.0010,0.0109,4.8710,0.3479,0.0725,3.7652,4.8710,0.3479,15.8548,0.5920,0.5616,0.0000,5,7.4889,5,0.4470,8.5778,0.3995,0.2328,718,3551.6276,1961082.2518,1.2613,1.8099,26,30,58,46,50,46,16,54,0.3368,0.1867,270.6331,1.9242
0025,14,100,0.0084,0.4943,0.1005,7,0.5000,5.5933,0.3995,4,0.0948,0.0890,0.0786,0.0755,0.0148,0.0743,0.0163,8.7710,0.0265,0.0255,0.0010,0.0131,4.9930,0.3566,0.0714,3.8310,4.9930,0.3566,17.5708,0.6133,0.5547,0.0000,5,7.4389,5,0.4340,8.6489,0.4085,0.2352,699,3565.2376,1970025.0585,1.2408,1.7474,25,27,53,48,50,48,18,54,0.3269,0.2025,284.7154,1.8528
0026,14,100,0.0084,0.4943,0.1007,7,0.5000,5.5903,0.3993,4,0.0950,0.0893,0.0788,0.0758,0.0149,0.0745,0.0163,8.7895,0.0265,0.0255,0.0010,0.0131,4.9833,0.3560,0.0715,3.8244,4.9833,0.3560,17.6087,0.6133,0.5547,0.0000,5,7.4389,5,0.4340,8.6489,0.4098,0.2423,686,3574.5085,1966384.0128,1.2399,1.7444,25,27,53,47,50,50,18,54,0.3269,0.2025,284.7154,1.8528
0027,14,100,0.0084,0.4943,0.1021,7,0.5000,5.5712,0.3979,4,0.0963,0.0906,0.0802,0.0770,0.0150,0.0758,0.0165,8.9316,0.0265,0.0255,0.0010,0.0134,4.9852,0.3561,0.0715,3.8253,4.9852,0.3561,17.8467,0.6133,0.5548,0.0000,5,7.4249,5,0.4323,8.6594,0.4106,0.2442,692,3570.2133,1965203.4898,1.2394,1.7434,25,27,52,47,50,50,18,54,0.3269,0.2025,280.4961,1.8528
0028,14,100,0.0084,0.4943,0.1024,7,0.5000,5.5662,0.3976,4,0.0967,0.0910,0.0804,0.0773,0.0150,0.0760,0.0165,8.8302,0.0265,0.0252,0.0013,0.0130,5.0045,0.3575,0.0713,3.8468,5.0045,0.3575,17.9098,0.6125,0.5548,0.0000,5,7.4259,5,0.5567,8.6604,0.4282,0.2518,681,3579.8886,1967296.8562,1.2369,1.7200,24,26,52,48,50,54,19,56,0.3429,0.2539,208.8338,1.7027
0029,14,100,0.0084,0.4943,0.1023,7,0.5000,5.5680,0.3977,4,0.0966,0.0908,0.0803,0.0772,0.0150,0.0759,0.0165,8.8138,0.0265,0.0252,0.0013,0.0129,5.0098,0.3578,0.0713,3.8500,5.0098,0.3578,17.8873,0.6125,0.5548,0.0000,5,7.4410,5,0.5567,8.6684,0.4272,0.2513,684,3577.5515,1973863.7486,1.2369,1.7199,24,26,52,48,50,54,19,56,0.3429,0.2539,206.6761,1.7027
0030,14,100,0.0084,0.4943,0.1025,7,0.5000,5.5652,0.3975,4,0.0968,0.0911,0.0804,0.0773,0.0150,0.0761,0.0165,8.8331,0.0259,0.0247,0.0013,0.0130,5.0174,0.3584,0.0713,3.8542,5.0174,0.3584,17.9227,0.6125,0.5548,0.0000,5,7.4392,5,0.5562,8.6666,0.4282,0.2673,665,3591.1310,1970106.2551,1.2345,1.6996,23,25,52,48,50,56,19,56,0.3429,0.2539,206.6761,1.7027
0031,14,100,0.0084,0.4943,0.1022,7,0.5000,5.5688,0.3978,4,0.0965,0.0908,0.0801,0.0770,0.0149,0.0757,0.0165,8.8281,0.0259,0.0248,0.0012,0.0131,5.0292,0.3592,0.0712,3.8622,5.0292,0.3592,17.8769,0.6125,0.5546,0.0000,5,7.4392,5,0.5562,8.6665,0.4200,0.2652,677,3584.0348,1998316.6517,1.2359,1.7055,23,25,52,48,50,54,19,56,0.3429,0.2539,206.6761,1.7027
0032,14,100,0.0082,0.4943,0.0999,7,0.5000,5.6009,0.4001,4,0.0942,0.0885,0.0786,0.0752,0.0148,0.0739,0.0151,8.3778,0.0259,0.0244,0.0015,0.0117,4.9074,0.3505,0.0709,3.7287,4.9074,0.3505,17.4763,0.6114,0.5546,0.0000,5,8.1504,5,0.5567,8.9977,0.4021,0.2611,687,3577.7291,2016303.4222,1.2367,1.7066,23,25,53,47,50,50,19,56,0.3429,0.2539,206.6761,1.7027
0033,14,100,0.0082,0.4943,0.1004,7,0.5000,5.5949,0.3996,4,0.0946,0.0889,0.0791,0.0758,0.0149,0.0744,0.0151,8.4036,0.0259,0.0243,0.0016,0.0117,4.8881,0.3491,0.0710,3.7155,4.8881,0.3491,17.5516,0.6114,0.5548,0.0000,5,8.1504,5,0.5567,8.9977,0.4101,0.2627,675,3584.7088,1988300.0952,1.2353,1.7010,23,25,53,47,50,52,19,56,0.3429,0.2539,206.6761,1.7027
0034,14,100,0.0082,0.4943,0.1077,7,0.5000,5.4925,0.3923,4,0.1020,0.0962,0.0873,0.0836,0.0164,0.0822,0.0170,9.6554,0.0264,0.0248,0.0016,0.0145,4.6885,0.3349,0.0728,3.5661,4.6885,0.3349,18.8305,0.6146,0.5560,0.0000,5,8.0624,5,0.5590,8.9097,0.4135,0.2562,666,3589.4794,1967038.9700,1.2354,1.7012,23,25,49,45,50,52,19,56,0.3429,0.2539,206.6761,1.7027
0035,14,100,0.0083,0.4943,0.1104,7,0.5000,5.4545,0.3896,4,0.1047,0.0990,0.0901,0.0863,0.0167,0.0848,0.0175,10.0133,0.0302,0.0287,0.0015,0.0154,4.6360,0.3311,0.0727,3.5404,4.6360,0.3311,19.3044,0.6146,0.5559,0.0000,5,7.9825,5,0.4967,8.8863,0.4183,0.2637,661,3592.7815,1974575.6694,1.2374,1.6813,21,23,48,44,50,54,19,55,0.3429,0.2539,211.6288,1.7027
0036,14,100,0.0083,0.4943,0.1118,7,0.5000,5.4352,0.3882,4,0.1061,0.1003,0.0918,0.0880,0.0172,0.0865,0.0183,10.4738,0.0302,0.0289,0.0013,0.0166,4.5698,0.3264,0.0737,3.4935,4.5698,0.3264,19.5455,0.6166,0.5565,0.0000,5,7.2784,5,0.4967,8.8353,0.4200,0.2670,657,3595.6926,1965817.5947,1.2360,1.6766,20,22,47,44,50,55,19,55,0.3429,0.2539,211.6288,1.7027
0037,14,100,0.0083,0.4943,0.1109,7,0.5000,5.4475,0.3891,4,0.1052,0.0995,0.0908,0.0870,0.0170,0.0855,0.0182,10.3971,0.0295,0.0283,0.0012,0.0166,4.6026,0.3288,0.0735,3.5153,4.6026,0.3288,19.3926,0.6166,0.5563,0.0000,5,7.3337,5,0.4405,8.8287,0.4172,0.2629,645,3602.7043,1958600.0199,1.2364,1.6759,20,23,47,44,50,54,19,54,0.3429,0.2539,211.6288,1.7027
0038,14,100,0.0083,0.4943,0.1116,7,0.5000,5.4375,0.3884,4,0.1059,0.1002,0.0916,0.0879,0.0172,0.0864,0.0185,10.4943,0.0295,0.0283,0.0012,0.0168,4.5684,0.3263,0.0736,3.4911,4.5684,0.3263,19.5168,0.6166,0.5563,0.0000,5,7.3337,5,0.4405,8.7909,0.4222,0.2633,645,3602.4524,1938621.1350,1.2346,1.6536,19,22,47,44,50,55,19,54,0.3429,0.2539,211.6288,1.7027
0039,14,100,0.0083,0.4943,0.0646,7,0.5000,6.0957,0.4354,5,0.0589,0.0532,0.0478,0.0454,0.0117,0.0443,0.0079,5.6047,0.0295,0.0281,0.0014,0.0062,3.7297,0.2664,0.0840,2.9428,3.7297,0.2664,11.2959,0.6077,0.5709,0.0000,5,7.6227,5,0.5056,8.7851,0.4120,0.2699,652,3597.6876,1949150.8712,1.2458,1.6865,19,22,71,36,50,54,18,55,0.3695,0.2686,261.2849,1.6527
0040,14,100,0.0083,0.4943,0.0752,7,0.5000,5.9475,0.4248,5,0.0695,0.0637,0.0606,0.0583,0.0162,0.0573,0.0132,8.3177,0.0357,0.0353,0.0004,0.0140,3.2034,0.2288,0.0909,2.5475,3.2034,0.2288,13.1467,0.6187,0.5754,0.0000,5,6.6714,5,0.6047,8.1779,0.4108,0.2652,671,3583.9280,1958973.7125,1.2458,1.6865,19,22,65,31,50,52,18,56,0.3634,0.2323,234.9568,1.5246
0041,14,100,0.0083,0.4943,0.0752,7,0.5000,5.9475,0.4248,5,0.0695,0.0637,0.0606,0.0583,0.0162,0.0573,0.0132,8.3177,0.0357,0.0353,0.0004,0.0140,3.2034,0.2288,0.0909,2.5475,3.2034,0.2288,13.1467,0.6187,0.5754,0.0000,5,6.6714,5,0.6047,8.1779,0.4108,0.2652,671,3583.9280,1958973.7125,1.2458,1.6865,19,22,65,31,50,52,18,56,0.3634,0.2323,234.9568,1.5246
0042,14,100,0.0083,0.4943,0.0752,7,0.5000,5.9473,0.4248,5,0.0695,0.0638,0.0606,0.0584,0.0162,0.0573,0.0132,8.3194,0.0357,0.0353,0.0004,0.0140,3.2024,0.2287,0.0909,2.5468,3.2024,0.2287,13.1499,0.6187,0.5754,0.0000,5,6.6714,5,0.6047,8.1658,0.4027,0.2649,669,3585.3629,1948321.1181,1.2427,1.6571,18,21,65,30,50,51,18,56,0.3634,0.2323,234.9568,1.5246
0043,14,100,0.0083,0.4943,0.0670,7,0.5000,6.0619,0.4330,5,0.0613,0.0556,0.0505,0.0487,0.0132,0.0479,0.0113,6.8031,0.0259,0.0255,0.0004,0.0102,3.6568,0.2612,0.0881,2.8924,3.6568,0.2612,11.7176,0.6147,0.5733,0.0000,5,6.6428,5,0.8247,8.1372,0.4195,0.2823,640,3605.1114,1854518.7940,1.2399,1.6250,17,20,69,35,50,57,18,58,0.4217,0.2819,234.9568,1.5268
0044,14,100,0.0083,0.4943,0.0671,7,0.5000,6.0605,0.4329,5,0.0614,0.0557,0.0505,0.0488,0.0133,0.0480,0.0115,6.8824,0.0259,0.0256,0.0003,0.0105,3.6626,0.2616,0.0882,2.9012,3.6626,0.2616,11.7359,0.6150,0.5733,0.0000,5,6.6462,5,0.8172,8.1406,0.4164,0.2816,647,3600.2365,1855322.9917,1.2399,1.6250,17,20,69,35,50,56,18,58,0.4217,0.2819,234.9568,1.5268
0045,14,100,0.0083,0.4943,0.0369,7,0.5000,6.4840,0.4631,6,0.0311,0.0254,0.0207,0.0199,0.0062,0.0192,0.0052,2.7696,0.0210,0.0213,-0.0004,0.0013,3.4327,0.2452,0.0867,2.8341,3.4327,0.2452,6.4459,0.5949,0.5806,0.0000,5,6.6757,5,0.8178,8.1701,0.4293,0.2800,655,3594.7700,1851765.8963,1.2407,1.6295,17,20,84,33,50,58,18,58,0.4217,0.2819,189.3115,1.5268
0046,14,100,0.0075,0.4943,0.0284,7,0.5000,6.6018,0.4716,6,0.0227,0.0170,0.0111,0.0103,0.0031,0.0098,0.0047,1.7320,0.0115,0.0122,-0.0007,-0.0009,3.7420,0.2673,0.0864,3.0363,3.7420,0.2673,4.9742,0.5949,0.5800,0.0000,5,6.6757,5,0.8210,8.3753,0.4188,0.2687,658,3593.1306,1810121.4604,1.2393,1.6206,17,20,89,36,50,55,18,58,0.4217,0.2819,260.3351,1.5268
0047,14,100,0.0075,0.4943,0.0340,7,0.5000,6.5237,0.4660,6,0.0283,0.0226,0.0174,0.0166,0.0051,0.0160,0.0048,2.3536,0.0173,0.0175,-0.0003,0.0002,3.5493,0.2535,0.0868,2.9114,3.5493,0.2535,5.9500,0.5949,0.5807,0.0000,5,6.6757,5,0.8177,7.9819,0.4222,0.2735,652,3597.9400,1832711.1981,1.2369,1.6145,17,20,86,34,50,56,19,58,0.4217,0.2819,187.2843,1.5268
0048,14,100,0.0082,0.4943,0.0828,7,0.5000,5.8414,0.4172,5,0.0770,0.0713,0.0630,0.0607,0.0136,0.0597,0.0146,7.8655,0.0323,0.0327,-0.0005,0.0129,4.3619,0.3116,0.0763,3.4476,4.3619,0.3116,14.4723,0.5995,0.5634,0.0000,5,5.6906,5,0.7525,7.9998,0.4313,0.2663,648,3601.4212,1819210.6429,1.2334,1.5911,16,20,61,42,50,58,20,58,0.4345,0.2813,193.9240,1.4889
0049,14,100,0.0089,0.4943,0.0821,7,0.5000,5.8499,0.4179,5,0.0764,0.0707,0.0623,0.0600,0.0134,0.0589,0.0144,7.7854,0.0323,0.0328,-0.0005,0.0128,4.3891,0.3135,0.0763,3.4662,4.3891,0.3135,14.3658,0.5995,0.5634,0.0000,5,5.6906,5,0.7525,7.9996,0.4315,0.2706,648,3601.5231,1828902.8963,1.2341,1.5936,16,20,62,42,50,58,20,58,0.4345,0.2813,193.9240,1.4889
0050,14,100,0.0090,0.4943,0.0819,7,0.5000,5.8539,0.4181,5,0.0761,0.0704,0.0620,0.0597,0.0133,0.0587,0.0143,7.7522,0.0316,0.0321,-0.0005,0.0127,4.3948,0.3139,0.0763,3.4692,4.3948,0.3139,14.3162,0.5995,0.5634,0.0000,5,6.3863,5,0.7527,7.9994,0.4315,0.2674,656,3595.0966,1830373.3747,1.2343,1.5938,16,20,62,42,50,58,20,58,0.4345,0.2813,193.9240,1.4889
0051,14,100,0.0090,0.4943,0.0819,7,0.5000,5.8539,0.4181,5,0.0761,0.0704,0.0620,0.0597,0.0133,0.0587,0.0143,7.7522,0.0316,0.0321,-0.0005,0.0127,4.3948,0.3139,0.0763,3.4692,4.3948,0.3139,14.3162,0.5995,0.5634,0.0000,5,6.3863,5,0.7527,7.9994,0.4315,0.2674,656,3595.0966,1830373.3747,1.2343,1.5938,16,20,62,42,50,58,20,58,0.4345,0.2813,193.9240,1.4889
0052,14,100,0.0090,0.4943,0.0819,7,0.5000,5.8539,0.4181,5,0.0761,0.0704,0.0620,0.0597,0.0133,0.0587,0.0143,7.7522,0.0316,0.0321,-0.0005,0.0127,4.3948,0.3139,0.0763,3.4692,4.3948,0.3139,14.3162,0.5995,0.5634,0.0000,5,6.3863,5,0.7527,7.9994,0.4315,0.2674,656,3595.0966,1830373.3747,1.2343,1.5938,16,20,62,42,50,58,20,58,0.4345,0.2813,193.9240,1.4889
0053,14,100,0.0090,0.4943,0.0819,7,0.5000,5.8539,0.4181,5,0.0761,0.0704,0.0620,0.0597,0.0133,0.0587,0.0143,7.7522,0.0316,0.0321,-0.0005,0.0127,4.3948,0.3139,0.0763,3.4692,4.3948,0.3139,14.3162,0.5995,0.5634,0.0000,5,6.3863,5,0.7527,7.9994,0.4315,0.2674,656,3595.0966,1830373.3747,1.2343,1.5938,16,20,62,42,50,58,20,58,0.4345,0.2813,193.9240,1.4889
0054,14,100,0.0096,0.4943,0.0866,7,0.5000,5.7883,0.4134,5,0.0808,0.0751,0.0666,0.0640,0.0139,0.0629,0.0150,8.2501,0.0316,0.0320,-0.0004,0.0137,4.4223,0.3159,0.0764,3.4824,4.4223,0.3159,15.1357,0.5995,0.5636,0.0000,5,6.3859,5,0.6593,8.2102,0.4286,0.2642,660,3592.1665,1883850.9568,1.2351,1.5958,16,20,60,42,50,56,19,56,0.4345,0.2813,202.1044,1.4889
0055,14,100,0.0097,0.4943,0.0884,7,0.5000,5.7629,0.4116,5,0.0826,0.0769,0.0687,0.0661,0.0144,0.0650,0.0157,8.5313,0.0339,0.0344,-0.0005,0.0144,4.3493,0.3107,0.0763,3.4343,4.3493,0.3107,15.4523,0.5995,0.5634,0.0000,5,6.3859,5,0.6594,8.4271,0.4275,0.2647,661,3591.2028,1891615.8416,1.2356,1.5982,16,20,59,41,50,56,19,56,0.4345,0.2813,204.2279,1.4889
0056,14,100,0.0097,0.4943,0.0752,7,0.5000,5.9474,0.4248,5,0.0695,0.0637,0.0578,0.0550,0.0130,0.0537,0.0123,6.9705,0.0339,0.0345,-0.0006,0.0111,3.8011,0.2715,0.0764,3.0375,3.8011,0.2715,13.1482,0.5998,0.5634,0.0000,5,6.3836,5,0.6587,8.4248,0.4351,0.2709,667,3585.1024,1888076.9768,1.2348,1.5994,16,20,65,36,50,58,19,56,0.4345,0.2813,204.2279,1.4889
0057,14,100,0.0097,0.4943,0.0752,7,0.5000,5.9472,0.4248,5,0.0695,0.0638,0.0579,0.0550,0.0130,0.0538,0.0124,6.9943,0.0339,0.0346,-0.0006,0.0111,3.7912,0.2708,0.0765,3.0292,3.7912,0.2708,13.1512,0.6000,0.5634,0.0000,5,6.3835,5,0.6587,8.4264,0.4349,0.2743,666,3585.7821,1888783.9278,1.2338,1.5798,15,19,65,36,50,59,22,56,0.4345,0.2813,205.0303,1.4889
0058,14,100,0.0095,0.4943,0.0244,7,0.5000,6.6578,0.4756,6,0.0187,0.0130,0.0111,0.0094,0.0033,0.0085,0.0090,1.4966,0.0245,0.0254,-0.0009,-0.0012,2.8485,0.2035,0.0918,2.3420,2.8485,0.2035,4.2747,0.6015,0.5846,0.0000,5,6.6869,5,0.8555,8.4069,0.4260,0.2836,662,3588.6771,1909200.5510,1.2355,1.5859,16,19,91,27,50,58,20,58,0.4066,0.2922,186.0160,1.4616
0059,14,100,0.0095,0.4943,0.0751,7,0.5000,5.9488,0.4249,5,0.0694,0.0637,0.0587,0.0565,0.0146,0.0555,0.0131,8.8270,0.0285,0.0287,-0.0002,0.0159,3.6317,0.2594,0.0944,2.8638,3.6317,0.2594,13.1310,0.6245,0.5777,0.0000,5,5.8197,5,0.8505,8.1987,0.4165,0.2733,653,3595.9435,1948904.3174,1.2284,1.5749,16,19,65,35,50,55,22,58,0.4066,0.2922,240.2704,1.4616
0060,14,100,0.0095,0.4943,0.0752,7,0.5000,5.9473,0.4248,5,0.0695,0.0638,0.0588,0.0566,0.0147,0.0556,0.0131,8.8264,0.0285,0.0287,-0.0001,0.0159,3.6257,0.2590,0.0945,2.8591,3.6257,0.2590,13.1491,0.6245,0.5778,0.0000,5,5.8197,5,0.8543,8.2044,0.4230,0.2752,647,3599.8785,1967829.9248,1.2250,1.5466,15,17,65,35,50,56,26,58,0.4066,0.2922,265.3009,1.4616
0061,14,100,0.0095,0.4943,0.0754,7,0.5000,5.9440,0.4246,5,0.0697,0.0640,0.0592,0.0569,0.0149,0.0560,0.0132,8.8582,0.0285,0.0286,-0.0001,0.0159,3.6042,0.2574,0.0947,2.8419,3.6042,0.2574,13.1905,0.6246,0.5780,0.0000,5,5.8350,5,0.8544,8.1964,0.4201,0.2740,654,3594.9423,1971562.7484,1.2256,1.5479,15,17,65,34,50,56,26,58,0.4066,0.2922,263.9773,1.4616
0062,14,100,0.0095,0.4943,0.0807,7,0.5000,5.8706,0.4193,5,0.0750,0.0692,0.0650,0.0626,0.0163,0.0616,0.0148,9.6968,0.0332,0.0333,-0.0002,0.0180,3.4555,0.2468,0.0946,2.7455,3.4555,0.2468,14.1078,0.6246,0.5779,0.0000,5,5.8350,5,0.8535,8.1892,0.4361,0.2670,661,3589.9787,1962465.5255,1.2313,1.5843,16,18,63,33,50,58,21,58,0.4066,0.2922,263.9773,1.4616
0063,14,100,0.0095,0.4943,0.0806,7,0.5000,5.8716,0.4194,5,0.0749,0.0692,0.0649,0.0625,0.0163,0.0615,0.0147,9.6349,0.0331,0.0332,-0.0001,0.0177,3.4601,0.2471,0.0945,2.7498,3.4601,0.2471,14.0951,0.6243,0.5779,0.0000,5,5.8349,5,0.8396,8.1978,0.4335,0.2705,654,3594.7477,1964206.5474,1.2312,1.5842,16,18,63,33,50,58,21,58,0.3957,0.3015,263.9773,1.4616
0064,14,100,0.0095,0.4943,0.0806,7,0.5000,5.8716,0.4194,5,0.0749,0.0692,0.0649,0.0625,0.0163,0.0615,0.0147,9.6349,0.0331,0.0332,-0.0001,0.0177,3.4601,0.2471,0.0945,2.7498,3.4601,0.2471,14.0951,0.6243,0.5779,0.0000,5,5.8349,5,0.8396,8.1978,0.4335,0.2705,654,3594.7477,1964206.5474,1.2312,1.5842,16,18,63,33,50,58,21,58,0.3957,0.3015,263.9773,1.4616
0065,14,100,0.0094,0.4943,0.0814,7,0.5000,5.8611,0.4186,5,0.0756,0.0699,0.0658,0.0634,0.0166,0.0624,0.0151,9.7625,0.0331,0.0332,-0.0001,0.0181,3.4264,0.2447,0.0945,2.7269,3.4264,0.2447,14.2263,0.6243,0.5778,0.0000,5,5.8349,5,0.8396,8.1978,0.4306,0.2664,662,3589.3240,1964647.5989,1.2297,1.5732,16,18,62,33,50,57,23,58,0.3957,0.3015,263.9773,1.4616
0066,14,100,0.0094,0.4943,0.0814,7,0.5000,5.8598,0.4186,5,0.0757,0.0700,0.0659,0.0635,0.0166,0.0625,0.0151,9.7698,0.0331,0.0331,-0.0001,0.0181,3.4220,0.2444,0.0945,2.7237,3.4220,0.2444,14.2429,0.6243,0.5779,0.0000,5,5.8349,5,0.8557,8.1948,0.4257,0.2744,643,3601.3346,1938490.1363,1.2257,1.5648,16,18,62,33,50,57,24,58,0.3957,0.3015,267.9808,1.4616
0067,14,100,0.0094,0.4943,0.0814,7,0.5000,5.8598,0.4186,5,0.0757,0.0700,0.0659,0.0635,0.0166,0.0625,0.0151,9.7698,0.0331,0.0331,-0.0001,0.0181,3.4220,0.2444,0.0945,2.7237,3.4220,0.2444,14.2429,0.6243,0.5779,0.0000,5,5.8349,5,0.8557,8.1948,0.4257,0.2744,643,3601.3346,1938490.1363,1.2257,1.5648,16,18,62,33,50,57,24,58,0.3957,0.3015,328.7544,1.4616
0068,14,100,0.0094,0.4943,0.0862,7,0.5000,5.7935,0.4138,5,0.0805,0.0747,0.0713,0.0689,0.0182,0.0679,0.0167,10.7550,0.0384,0.0385,-0.0001,0.0207,3.2369,0.2312,0.0961,2.5947,3.2369,0.2312,15.0703,0.6267,0.5791,0.0000,5,5.8357,5,0.9783,8.0524,0.4226,0.2681,656,3593.6321,1948074.2014,1.2257,1.5648,16,18,60,31,50,56,24,60,0.3931,0.2779,363.7144,1.4616
0069,14,100,0.0094,0.4943,0.0890,7,0.5000,5.7547,0.4110,5,0.0832,0.0775,0.0746,0.0722,0.0193,0.0711,0.0176,11.1644,0.0422,0.0422,0.0000,0.0215,3.1200,0.2229,0.0963,2.5166,3.1200,0.2229,15.5557,0.6267,0.5793,0.0000,5,5.8357,5,0.9783,7.8996,0.4041,0.2668,668,3584.9495,2035345.1319,1.2266,1.5667,16,18,58,30,50,52,24,60,0.3931,0.2779,363.7144,1.4616
0070,14,100,0.0094,0.4943,0.0953,7,0.5000,5.6653,0.4047,5,0.0896,0.0839,0.0823,0.0802,0.0228,0.0792,0.0215,12.2150,0.0432,0.0430,0.0002,0.0239,2.8051,0.2004,0.0965,2.2843,2.8051,0.2004,16.6720,0.6267,0.5797,0.0000,5,5.8357,5,0.9782,7.6675,0.3956,0.2654,662,3590.4245,2192466.8393,1.2265,1.5664,16,18,55,27,50,50,24,60,0.3931,0.2779,363.7144,1.4616
0071,14,100,0.0094,0.4943,0.0953,7,0.5000,5.6653,0.4047,5,0.0896,0.0839,0.0823,0.0802,0.0228,0.0792,0.0215,12.2150,0.0432,0.0430,0.0002,0.0239,2.8051,0.2004,0.0965,2.2843,2.8051,0.2004,16.6720,0.6267,0.5797,0.0000,5,5.8357,5,0.9782,7.6675,0.3956,0.2654,662,3590.4245,2192466.8393,1.2265,1.5664,16,18,55,27,50,50,24,60,0.3931,0.2779,363.7144,1.4616
0072,14,100,0.0094,0.4943,0.0953,7,0.5000,5.6653,0.4047,5,0.0896,0.0839,0.0823,0.0802,0.0228,0.0792,0.0215,12.2150,0.0432,0.0430,0.0002,0.0239,2.8051,0.2004,0.0965,2.2843,2.8051,0.2004,16.6720,0.6267,0.5797,0.0000,5,5.8357,5,0.9782,7.6675,0.3956,0.2654,662,3590.4245,2192466.8393,1.2265,1.5664,16,18,55,27,50,50,24,60,0.3931,0.2779,363.7144,1.4616
0073,14,100,0.0081,0.4943,0.0970,7,0.5000,5.6419,0.4030,5,0.0913,0.0856,0.0842,0.0822,0.0235,0.0812,0.0223,12.5087,0.0456,0.0454,0.0002,0.0246,2.7331,0.1952,0.0964,2.2360,2.7331,0.1952,16.9645,0.6267,0.5796,0.0000,5,5.8357,5,0.9782,7.6523,0.3985,0.2698,664,3588.9099,2190388.6069,1.2297,1.5788,16,18,54,26,50,50,22,60,0.3931,0.2779,363.7144,1.4616
0074,14,100,0.0081,0.4943,0.0970,7,0.5000,5.6419,0.4030,5,0.0913,0.0856,0.0842,0.0822,0.0235,0.0812,0.0223,12.5087,0.0456,0.0454,0.0002,0.0246,2.7331,0.1952,0.0964,2.2360,2.7331,0.1952,16.9645,0.6267,0.5796,0.0000,5,5.8357,5,0.9782,7.6523,0.3985,0.2698,664,3588.9099,2190388.6069,1.2297,1.5788,16,18,54,26,50,50,22,60,0.3931,0.2779,363.7144,1.4616
0075,14,100,0.0081,0.4943,0.0916,7,0.5000,5.7174,0.4084,5,0.0859,0.0802,0.0776,0.0754,0.0205,0.0743,0.0183,10.5995,0.0446,0.0435,0.0011,0.0187,3.0149,0.2154,0.0917,2.4522,3.0149,0.2154,16.0215,0.6189,0.5766,0.0000,5,6.7323,5,0.8771,8.2185,0.4068,0.2753,651,3597.9663,2178567.2105,1.2295,1.5786,16,18,57,29,50,54,22,59,0.4141,0.3368,341.2931,1.5583
0076,14,100,0.0082,0.4943,0.0915,7,0.5000,5.7194,0.4085,5,0.0858,0.0800,0.0774,0.0752,0.0204,0.0741,0.0182,10.5554,0.0446,0.0435,0.0010,0.0186,3.0228,0.2159,0.0914,2.4588,3.0228,0.2159,15.9961,0.6186,0.5764,0.0000,5,6.7324,5,0.8771,8.2176,0.4069,0.2736,653,3596.8117,2177807.3830,1.2295,1.5785,16,18,57,29,50,53,22,59,0.4141,0.3368,341.2931,1.5583
0077,14,100,0.0082,0.4943,0.0940,7,0.5000,5.6840,0.4060,5,0.0883,0.0826,0.0793,0.0772,0.0206,0.0762,0.0195,10.8202,0.0446,0.0433,0.0012,0.0190,3.1507,0.2250,0.0913,2.5772,3.1507,0.2250,16.4386,0.6181,0.5764,0.0000,5,6.7180,5,0.8772,8.2031,0.4156,0.2774,649,3599.7475,2179829.4940,1.2294,1.5785,16,18,56,30,50,55,22,59,0.4141,0.3368,341.2931,1.5583
0078,14,100,0.0092,0.4943,0.0899,7,0.5000,5.7412,0.4101,5,0.0842,0.0785,0.0745,0.0725,0.0191,0.0715,0.0175,10.1032,0.0392,0.0378,0.0014,0.0171,3.3190,0.2371,0.0915,2.6889,3.3190,0.2371,15.7233,0.6181,0.5767,0.0000,5,6.7180,5,0.8770,7.9961,0.4150,0.2662,649,3599.2343,2167424.3415,1.2282,1.5752,16,18,58,32,50,54,22,59,0.4141,0.3368,341.2931,1.5583
0079,14,100,0.0092,0.4943,0.0899,7,0.5000,5.7412,0.4101,5,0.0842,0.0785,0.0745,0.0725,0.0191,0.0715,0.0175,10.1032,0.0392,0.0378,0.0014,0.0171,3.3190,0.2371,0.0915,2.6889,3.3190,0.2371,15.7233,0.6181,0.5767,0.0000,5,6.7180,5,0.8770,7.9961,0.4150,0.2662,649,3599.2343,2167424.3415,1.2282,1.5752,16,18,58,32,50,54,22,59,0.4141,0.3368,341.2931,1.5583
0080,14,100,0.0092,0.4943,0.0950,7,0.5000,5.6704,0.4050,5,0.0893,0.0835,0.0807,0.0788,0.0217,0.0779,0.0210,11.7895,0.0402,0.0395,0.0007,0.0222,3.0551,0.2182,0.0956,2.4873,3.0551,0.2182,16.6084,0.6248,0.5794,0.0000,5,5.8213,5,0.9419,7.5397,0.4070,0.2593,667,3586.4244,2173317.0460,1.2284,1.5754,16,18,55,29,50,52,22,60,0.3927,0.2707,299.5056,1.4616
0081,14,100,0.0093,0.4943,0.0812,7,0.5000,5.8639,0.4188,5,0.0754,0.0697,0.0645,0.0623,0.0159,0.0613,0.0144,9.5842,0.0302,0.0298,0.0004,0.0172,3.6531,0.2609,0.0953,2.9041,3.6531,0.2609,14.1912,0.6248,0.5789,0.0000,5,5.8213,5,0.9423,7.9101,0.4180,0.2654,651,3596.2333,1940070.5323,1.2245,1.5798,17,19,62,35,50,54,22,60,0.3927,0.2707,299.5056,1.4616
0082,14,100,0.0093,0.4943,0.0818,7,0.5000,5.8551,0.4182,5,0.0761,0.0703,0.0653,0.0631,0.0161,0.0621,0.0148,9.7081,0.0302,0.0298,0.0003,0.0176,3.6242,0.2589,0.0952,2.8842,3.6242,0.2589,14.3013,0.6248,0.5788,0.0000,5,5.8213,5,0.9423,7.9101,0.4095,0.2650,641,3603.1838,1950306.6521,1.2254,1.5883,17,19,62,35,50,52,22,60,0.3927,0.2707,304.0915,1.4616
0083,14,100,0.0092,0.4943,0.0259,7,0.5000,6.6377,0.4741,6,0.0202,0.0144,0.0118,0.0103,0.0035,0.0095,0.0087,1.5169,0.0215,0.0220,-0.0005,-0.0015,2.9869,0.2133,0.0914,2.4549,2.9869,0.2133,4.5250,0.6006,0.5846,0.0000,5,6.6149,5,0.9433,8.2022,0.4079,0.2672,651,3596.3108,1907565.9563,1.2326,1.5971,17,19,90,28,50,52,20,60,0.3927,0.2707,304.0915,1.4616
0084,14,100,0.0092,0.4943,0.0303,7,0.5000,6.5752,0.4697,6,0.0246,0.0189,0.0148,0.0138,0.0044,0.0131,0.0049,1.5308,0.0215,0.0214,0.0001,-0.0021,3.2223,0.2302,0.0836,2.7106,3.2223,0.2302,5.3067,0.5908,0.5782,0.0000,5,6.5670,5,0.6584,8.2643,0.4120,0.2701,651,3597.1142,1914915.5491,1.2386,1.6015,16,19,88,31,50,54,18,56,0.3993,0.2531,304.0915,1.5275
0085,14,100,0.0092,0.4943,0.0303,7,0.5000,6.5752,0.4697,6,0.0246,0.0189,0.0148,0.0138,0.0044,0.0131,0.0049,1.5308,0.0215,0.0214,0.0001,-0.0021,3.2223,0.2302,0.0836,2.7106,3.2223,0.2302,5.3067,0.5908,0.5782,0.0000,5,6.5670,5,0.6584,8.2643,0.4120,0.2701,651,3597.1142,1914915.5491,1.2386,1.6015,16,19,88,31,50,54,18,56,0.3993,0.2531,304.0915,1.5275
0086,14,100,0.0094,0.4943,0.0408,7,0.5000,6.4287,0.4592,6,0.0351,0.0294,0.0273,0.0266,0.0096,0.0260,0.0072,3.7048,0.0279,0.0285,-0.0006,0.0039,2.7382,0.1956,0.0911,2.3643,2.7382,0.1956,7.1366,0.6004,0.5842,0.0000,5,6.5671,5,0.9939,8.0632,0.4126,0.2704,657,3593.2736,1911937.8235,1.2357,1.5993,16,19,82,26,50,54,19,60,0.4013,0.2603,308.8790,1.4380
0087,14,100,0.0094,0.4943,0.0399,7,0.5000,6.4413,0.4601,6,0.0342,0.0285,0.0262,0.0254,0.0089,0.0247,0.0069,3.6641,0.0279,0.0288,-0.0009,0.0041,2.7867,0.1990,0.0909,2.4042,2.7867,0.1990,6.9787,0.6004,0.5837,0.0000,5,6.5671,5,0.9939,8.2155,0.4028,0.2753,635,3607.3940,1873892.4673,1.2335,1.5967,16,19,83,27,50,52,20,60,0.4013,0.2603,308.8790,1.4380
0088,14,100,0.0094,0.4943,0.0399,7,0.5000,6.4413,0.4601,6,0.0342,0.0285,0.0262,0.0254,0.0089,0.0247,0.0069,3.6641,0.0279,0.0288,-0.0009,0.0041,2.7867,0.1990,0.0909,2.4042,2.7867,0.1990,6.9787,0.6004,0.5837,0.0000,5,6.5671,5,0.9939,8.2155,0.4028,0.2753,635,3607.3940,1873892.4673,1.2335,1.5967,16,19,83,27,50,52,20,60,0.4013,0.2603,308.8790,1.4380
0089,14,100,0.0094,0.4943,0.0396,7,0.5000,6.4453,0.4604,6,0.0339,0.0282,0.0257,0.0249,0.0087,0.0242,0.0068,3.6236,0.0268,0.0278,-0.0009,0.0040,2.8325,0.2023,0.0906,2.4379,2.8325,0.2023,6.9288,0.6001,0.5835,0.0000,5,6.5670,5,0.9772,8.2208,0.3891,0.2675,650,3598.8662,1907820.6739,1.2323,1.5809,15,18,83,27,50,49,22,60,0.3432,0.2299,246.8456,1.3615
0090,14,100,0.0094,0.4943,0.0412,7,0.5000,6.4232,0.4588,6,0.0355,0.0298,0.0269,0.0262,0.0090,0.0256,0.0072,3.8330,0.0268,0.0278,-0.0009,0.0045,2.9064,0.2076,0.0906,2.4926,2.9064,0.2076,7.2052,0.6001,0.5835,0.0000,5,6.5668,5,0.9759,8.2206,0.3964,0.2802,638,3606.6200,1902785.8583,1.2314,1.5627,14,17,82,28,50,52,24,60,0.3506,0.2510,202.6298,1.2943
0091,14,100,0.0095,0.4943,0.0742,7,0.5000,5.9616,0.4258,5,0.0685,0.0627,0.0575,0.0562,0.0155,0.0555,0.0158,8.3653,0.0268,0.0271,-0.0002,0.0147,3.6474,0.2605,0.0903,2.9151,3.6474,0.2605,12.9710,0.6187,0.5745,0.0000,5,6.5960,5,0.9766,8.2497,0.3862,0.2774,629,3613.2460,1898480.7509,1.2313,1.5407,14,17,66,35,50,49,26,60,0.3506,0.2510,212.6487,1.2943
0092,14,100,0.0095,0.4943,0.0744,7,0.5000,5.9586,0.4256,5,0.0687,0.0630,0.0578,0.0565,0.0157,0.0558,0.0157,8.2770,0.0268,0.0268,0.0001,0.0141,3.6359,0.2597,0.0903,2.9059,3.6359,0.2597,13.0086,0.6183,0.5747,0.0000,5,6.5960,5,1.0403,8.2409,0.3888,0.2782,625,3615.1551,1903718.3144,1.2312,1.5405,14,17,66,35,50,50,26,60,0.3664,0.2658,189.7369,1.2943
0093,14,100,0.0095,0.4943,0.0745,7,0.5000,5.9571,0.4255,5,0.0688,0.0631,0.0579,0.0566,0.0158,0.0559,0.0158,8.3193,0.0268,0.0268,0.0001,0.0143,3.6305,0.2593,0.0904,2.9016,3.6305,0.2593,13.0267,0.6185,0.5748,0.0000,5,6.5960,5,1.0217,8.1904,0.3886,0.2762,628,3613.4032,1902225.3200,1.2309,1.5400,14,17,66,35,50,50,26,60,0.3649,0.2577,238.6655,1.2943
0094,14,100,0.0095,0.4943,0.1059,7,0.5000,5.5175,0.3941,4,0.1002,0.0945,0.0867,0.0845,0.0190,0.0835,0.0229,12.1604,0.0268,0.0271,-0.0002,0.0229,4.3928,0.3138,0.0824,3.3551,4.3928,0.3138,18.5176,0.6346,0.5616,0.0000,5,6.5538,5,1.0092,8.2251,0.3948,0.2778,629,3612.4508,1856635.9365,1.2250,1.5601,15,17,50,42,50,51,25,60,0.3714,0.2458,257.1277,1.2399
0095,14,100,0.0095,0.4943,0.1059,7,0.5000,5.5175,0.3941,4,0.1002,0.0945,0.0867,0.0845,0.0190,0.0835,0.0229,12.1604,0.0268,0.0271,-0.0002,0.0229,4.3928,0.3138,0.0824,3.3551,4.3928,0.3138,18.5176,0.6346,0.5616,0.0000,5,6.5538,5,1.0092,8.2251,0.3948,0.2778,629,3612.4508,1856635.9365,1.2250,1.5601,15,17,50,42,50,51,25,60,0.3714,0.2458,257.1277,1.2399
0096,14,100,0.0095,0.4943,0.1060,7,0.5000,5.5154,0.3940,4,0.1003,0.0946,0.0870,0.0848,0.0191,0.0838,0.0230,12.2088,0.0275,0.0277,-0.0002,0.0231,4.3612,0.3115,0.0826,3.3318,4.3612,0.3115,18.5438,0.6349,0.5617,0.0000,5,6.5538,5,1.0184,8.2234,0.4009,0.2907,620,3615.9371,1830730.2798,1.2249,1.5590,15,17,50,42,50,54,25,60,0.4607,0.3398,347.9354,1.3057
0097,14,100,0.0095,0.4943,0.1057,7,0.5000,5.5197,0.3943,4,0.1000,0.0943,0.0866,0.0844,0.0190,0.0834,0.0229,12.1829,0.0275,0.0279,-0.0003,0.0231,4.3773,0.3127,0.0824,3.3446,4.3773,0.3127,18.4908,0.6347,0.5614,0.0000,5,6.5538,5,0.9809,8.2407,0.4007,0.2946,612,3622.1333,1829464.4861,1.2249,1.5590,15,17,50,42,50,54,25,60,0.4592,0.3489,325.2408,1.3057
0098,14,100,0.0094,0.4943,0.1071,7,0.5000,5.4999,0.3929,4,0.1014,0.0957,0.0880,0.0856,0.0190,0.0846,0.0230,12.3638,0.0275,0.0279,-0.0003,0.0235,4.3968,0.3141,0.0824,3.3554,4.3968,0.3141,18.7377,0.6347,0.5614,0.0000,5,6.5379,5,0.9807,8.2521,0.3982,0.2957,608,3624.8526,1825455.1879,1.2249,1.5590,15,17,49,42,50,54,25,60,0.4592,0.3489,325.2408,1.3057
0099,14,100,0.0094,0.4943,0.1074,7,0.5000,5.4970,0.3926,4,0.1016,0.0959,0.0881,0.0858,0.0190,0.0848,0.0232,12.3560,0.0275,0.0278,-0.0003,0.0234,4.4084,0.3149,0.0823,3.3728,4.4084,0.3149,18.7741,0.6345,0.5614,0.0000,5,6.5373,5,0.9835,8.2515,0.3930,0.3003,602,3628.9289,1831394.6233,1.2249,1.5590,15,17,49,42,50,54,25,60,0.4592,0.3489,322.2623,1.3057
